word1,لفظ1
word2,لفظ2
word3,لفظ3
word4,لفظ4
word5,لفظ5
word6,لفظ6
word7,لفظ7
word8,لفظ8
word9,لفظ9
word10,لفظ10
word11,لفظ11
word12,لفظ12
word13,لفظ13
word14,لفظ14
word15,لفظ15
word16,لفظ16
word17,لفظ17
word18,لفظ18
word19,لفظ19
word20,لفظ20
word21,لفظ21
word22,لفظ22
word23,لفظ23
word24,لفظ24
word25,لفظ25
word26,لفظ26
word27,لفظ27
word28,لفظ28
word29,لفظ29
word30,لفظ30
word31,لفظ31
word32,لفظ32
word33,لفظ33
word34,لفظ34
word35,لفظ35
word36,لفظ36
word37,لفظ37
word38,لفظ38
word39,لفظ39
word40,لفظ40
word41,لفظ41
word42,لفظ42
word43,لفظ43
word44,لفظ44
word45,لفظ45
word46,لفظ46
word47,لفظ47
word48,لفظ48
word49,لفظ49
word50,لفظ50
word51,لفظ51
word52,لفظ52
word53,لفظ53
word54,لفظ54
word55,لفظ55
word56,لفظ56
word57,لفظ57
word58,لفظ58
word59,لفظ59
word60,لفظ60
word61,لفظ61
word62,لفظ62
word63,لفظ63
word64,لفظ64
word65,لفظ65
word66,لفظ66
word67,لفظ67
word68,لفظ68
word69,لفظ69
word70,لفظ70
word71,لفظ71
word72,لفظ72
word73,لفظ73
word74,لفظ74
word75,لفظ75
word76,لفظ76
word77,لفظ77
word78,لفظ78
word79,لفظ79
word80,لفظ80
word81,لفظ81
word82,لفظ82
word83,لفظ83
word84,لفظ84
word85,لفظ85
word86,لفظ86
word87,لفظ87
word88,لفظ88
word89,لفظ89
word90,لفظ90
word91,لفظ91
word92,لفظ92
word93,لفظ93
word94,لفظ94
word95,لفظ95
word96,لفظ96
word97,لفظ97
word98,لفظ98
word99,لفظ99
word100,لفظ100
word101,لفظ101
word102,لفظ102
word103,لفظ103
word104,لفظ104
word105,لفظ105
word106,لفظ106
word107,لفظ107
word108,لفظ108
word109,لفظ109
word110,لفظ110
word111,لفظ111
word112,لفظ112
word113,لفظ113
word114,لفظ114
word115,لفظ115
word116,لفظ116
word117,لفظ117
word118,لفظ118
word119,لفظ119
word120,لفظ120
word121,لفظ121
word122,لفظ122
word123,لفظ123
word124,لفظ124
word125,لفظ125
word126,لفظ126
word127,لفظ127
word128,لفظ128
word129,لفظ129
word130,لفظ130
word131,لفظ131
word132,لفظ132
word133,لفظ133
word134,لفظ134
word135,لفظ135
word136,لفظ136
word137,لفظ137
word138,لفظ138
word139,لفظ139
word140,لفظ140
word141,لفظ141
word142,لفظ142
word143,لفظ143
word144,لفظ144
word145,لفظ145
word146,لفظ146
word147,لفظ147
word148,لفظ148
word149,لفظ149
word150,لفظ150
word151,لفظ151
word152,لفظ152
word153,لفظ153
word154,لفظ154
word155,لفظ155
word156,لفظ156
word157,لفظ157
word158,لفظ158
word159,لفظ159
word160,لفظ160
word161,لفظ161
word162,لفظ162
word163,لفظ163
word164,لفظ164
word165,لفظ165
word166,لفظ166
word167,لفظ167
word168,لفظ168
word169,لفظ169
word170,لفظ170
word171,لفظ171
word172,لفظ172
word173,لفظ173
word174,لفظ174
word175,لفظ175
word176,لفظ176
word177,لفظ177
word178,لفظ178
word179,لفظ179
word180,لفظ180
word181,لفظ181
word182,لفظ182
word183,لفظ183
word184,لفظ184
word185,لفظ185
word186,لفظ186
word187,لفظ187
word188,لفظ188
word189,لفظ189
word190,لفظ190
word191,لفظ191
word192,لفظ192
word193,لفظ193
word194,لفظ194
word195,لفظ195
word196,لفظ196
word197,لفظ197
word198,لفظ198
word199,لفظ199
word200,لفظ200
word201,لفظ201
word202,لفظ202
word203,لفظ203
word204,لفظ204
word205,لفظ205
word206,لفظ206
word207,لفظ207
word208,لفظ208
word209,لفظ209
word210,لفظ210
word211,لفظ211
word212,لفظ212
word213,لفظ213
word214,لفظ214
word215,لفظ215
word216,لفظ216
word217,لفظ217
word218,لفظ218
word219,لفظ219
word220,لفظ220
word221,لفظ221
word222,لفظ222
word223,لفظ223
word224,لفظ224
word225,لفظ225
word226,لفظ226
word227,لفظ227
word228,لفظ228
word229,لفظ229
word230,لفظ230
word231,لفظ231
word232,لفظ232
word233,لفظ233
word234,لفظ234
word235,لفظ235
word236,لفظ236
word237,لفظ237
word238,لفظ238
word239,لفظ239
word240,لفظ240
word241,لفظ241
word242,لفظ242
word243,لفظ243
word244,لفظ244
word245,لفظ245
word246,لفظ246
word247,لفظ247
word248,لفظ248
word249,لفظ249
word250,لفظ250
word251,لفظ251
word252,لفظ252
word253,لفظ253
word254,لفظ254
word255,لفظ255
word256,لفظ256
word257,لفظ257
word258,لفظ258
word259,لفظ259
word260,لفظ260
word261,لفظ261
word262,لفظ262
word263,لفظ263
word264,لفظ264
word265,لفظ265
word266,لفظ266
word267,لفظ267
word268,لفظ268
word269,لفظ269
word270,لفظ270
word271,لفظ271
word272,لفظ272
word273,لفظ273
word274,لفظ274
word275,لفظ275
word276,لفظ276
word277,لفظ277
word278,لفظ278
word279,لفظ279
word280,لفظ280
word281,لفظ281
word282,لفظ282
word283,لفظ283
word284,لفظ284
word285,لفظ285
word286,لفظ286
word287,لفظ287
word288,لفظ288
word289,لفظ289
word290,لفظ290
word291,لفظ291
word292,لفظ292
word293,لفظ293
word294,لفظ294
word295,لفظ295
word296,لفظ296
word297,لفظ297
word298,لفظ298
word299,لفظ299
word300,لفظ300
word301,لفظ301
word302,لفظ302
word303,لفظ303
word304,لفظ304
word305,لفظ305
word306,لفظ306
word307,لفظ307
word308,لفظ308
word309,لفظ309
word310,لفظ310
word311,لفظ311
word312,لفظ312
word313,لفظ313
word314,لفظ314
word315,لفظ315
word316,لفظ316
word317,لفظ317
word318,لفظ318
word319,لفظ319
word320,لفظ320
word321,لفظ321
word322,لفظ322
word323,لفظ323
word324,لفظ324
word325,لفظ325
word326,لفظ326
word327,لفظ327
word328,لفظ328
word329,لفظ329
word330,لفظ330
word331,لفظ331
word332,لفظ332
word333,لفظ333
word334,لفظ334
word335,لفظ335
word336,لفظ336
word337,لفظ337
word338,لفظ338
word339,لفظ339
word340,لفظ340
word341,لفظ341
word342,لفظ342
word343,لفظ343
word344,لفظ344
word345,لفظ345
word346,لفظ346
word347,لفظ347
word348,لفظ348
word349,لفظ349
word350,لفظ350
word351,لفظ351
word352,لفظ352
word353,لفظ353
word354,لفظ354
word355,لفظ355
word356,لفظ356
word357,لفظ357
word358,لفظ358
word359,لفظ359
word360,لفظ360
word361,لفظ361
word362,لفظ362
word363,لفظ363
word364,لفظ364
word365,لفظ365
word366,لفظ366
word367,لفظ367
word368,لفظ368
word369,لفظ369
word370,لفظ370
word371,لفظ371
word372,لفظ372
word373,لفظ373
word374,لفظ374
word375,لفظ375
word376,لفظ376
word377,لفظ377
word378,لفظ378
word379,لفظ379
word380,لفظ380
word381,لفظ381
word382,لفظ382
word383,لفظ383
word384,لفظ384
word385,لفظ385
word386,لفظ386
word387,لفظ387
word388,لفظ388
word389,لفظ389
word390,لفظ390
word391,لفظ391
word392,لفظ392
word393,لفظ393
word394,لفظ394
word395,لفظ395
word396,لفظ396
word397,لفظ397
word398,لفظ398
word399,لفظ399
word400,لفظ400
word401,لفظ401
word402,لفظ402
word403,لفظ403
word404,لفظ404
word405,لفظ405
word406,لفظ406
word407,لفظ407
word408,لفظ408
word409,لفظ409
word410,لفظ410
word411,لفظ411
word412,لفظ412
word413,لفظ413
word414,لفظ414
word415,لفظ415
word416,لفظ416
word417,لفظ417
word418,لفظ418
word419,لفظ419
word420,لفظ420
word421,لفظ421
word422,لفظ422
word423,لفظ423
word424,لفظ424
word425,لفظ425
word426,لفظ426
word427,لفظ427
word428,لفظ428
word429,لفظ429
word430,لفظ430
word431,لفظ431
word432,لفظ432
word433,لفظ433
word434,لفظ434
word435,لفظ435
word436,لفظ436
word437,لفظ437
word438,لفظ438
word439,لفظ439
word440,لفظ440
word441,لفظ441
word442,لفظ442
word443,لفظ443
word444,لفظ444
word445,لفظ445
word446,لفظ446
word447,لفظ447
word448,لفظ448
word449,لفظ449
word450,لفظ450
word451,لفظ451
word452,لفظ452
word453,لفظ453
word454,لفظ454
word455,لفظ455
word456,لفظ456
word457,لفظ457
word458,لفظ458
word459,لفظ459
word460,لفظ460
word461,لفظ461
word462,لفظ462
word463,لفظ463
word464,لفظ464
word465,لفظ465
word466,لفظ466
word467,لفظ467
word468,لفظ468
word469,لفظ469
word470,لفظ470
word471,لفظ471
word472,لفظ472
word473,لفظ473
word474,لفظ474
word475,لفظ475
word476,لفظ476
word477,لفظ477
word478,لفظ478
word479,لفظ479
word480,لفظ480
word481,لفظ481
word482,لفظ482
word483,لفظ483
word484,لفظ484
word485,لفظ485
word486,لفظ486
word487,لفظ487
word488,لفظ488
word489,لفظ489
word490,لفظ490
word491,لفظ491
word492,لفظ492
word493,لفظ493
word494,لفظ494
word495,لفظ495
word496,لفظ496
word497,لفظ497
word498,لفظ498
word499,لفظ499
word500,لفظ500
word501,لفظ501
word502,لفظ502
word503,لفظ503
word504,لفظ504
word505,لفظ505
word506,لفظ506
word507,لفظ507
word508,لفظ508
word509,لفظ509
word510,لفظ510
word511,لفظ511
word512,لفظ512
word513,لفظ513
word514,لفظ514
word515,لفظ515
word516,لفظ516
word517,لفظ517
word518,لفظ518
word519,لفظ519
word520,لفظ520
word521,لفظ521
word522,لفظ522
word523,لفظ523
word524,لفظ524
word525,لفظ525
word526,لفظ526
word527,لفظ527
word528,لفظ528
word529,لفظ529
word530,لفظ530
word531,لفظ531
word532,لفظ532
word533,لفظ533
word534,لفظ534
word535,لفظ535
word536,لفظ536
word537,لفظ537
word538,لفظ538
word539,لفظ539
word540,لفظ540
word541,لفظ541
word542,لفظ542
word543,لفظ543
word544,لفظ544
word545,لفظ545
word546,لفظ546
word547,لفظ547
word548,لفظ548
word549,لفظ549
word550,لفظ550
word551,لفظ551
word552,لفظ552
word553,لفظ553
word554,لفظ554
word555,لفظ555
word556,لفظ556
word557,لفظ557
word558,لفظ558
word559,لفظ559
word560,لفظ560
word561,لفظ561
word562,لفظ562
word563,لفظ563
word564,لفظ564
word565,لفظ565
word566,لفظ566
word567,لفظ567
word568,لفظ568
word569,لفظ569
word570,لفظ570
word571,لفظ571
word572,لفظ572
word573,لفظ573
word574,لفظ574
word575,لفظ575
word576,لفظ576
word577,لفظ577
word578,لفظ578
word579,لفظ579
word580,لفظ580
word581,لفظ581
word582,لفظ582
word583,لفظ583
word584,لفظ584
word585,لفظ585
word586,لفظ586
word587,لفظ587
word588,لفظ588
word589,لفظ589
word590,لفظ590
word591,لفظ591
word592,لفظ592
word593,لفظ593
word594,لفظ594
word595,لفظ595
word596,لفظ596
word597,لفظ597
word598,لفظ598
word599,لفظ599
word600,لفظ600
word601,لفظ601
word602,لفظ602
word603,لفظ603
word604,لفظ604
word605,لفظ605
word606,لفظ606
word607,لفظ607
word608,لفظ608
word609,لفظ609
word610,لفظ610
word611,لفظ611
word612,لفظ612
word613,لفظ613
word614,لفظ614
word615,لفظ615
word616,لفظ616
word617,لفظ617
word618,لفظ618
word619,لفظ619
word620,لفظ620
word621,لفظ621
word622,لفظ622
word623,لفظ623
word624,لفظ624
word625,لفظ625
word626,لفظ626
word627,لفظ627
word628,لفظ628
word629,لفظ629
word630,لفظ630
word631,لفظ631
word632,لفظ632
word633,لفظ633
word634,لفظ634
word635,لفظ635
word636,لفظ636
word637,لفظ637
word638,لفظ638
word639,لفظ639
word640,لفظ640
word641,لفظ641
word642,لفظ642
word643,لفظ643
word644,لفظ644
word645,لفظ645
word646,لفظ646
word647,لفظ647
word648,لفظ648
word649,لفظ649
word650,لفظ650
word651,لفظ651
word652,لفظ652
word653,لفظ653
word654,لفظ654
word655,لفظ655
word656,لفظ656
word657,لفظ657
word658,لفظ658
word659,لفظ659
word660,لفظ660
word661,لفظ661
word662,لفظ662
word663,لفظ663
word664,لفظ664
word665,لفظ665
word666,لفظ666
word667,لفظ667
word668,لفظ668
word669,لفظ669
word670,لفظ670
word671,لفظ671
word672,لفظ672
word673,لفظ673
word674,لفظ674
word675,لفظ675
word676,لفظ676
word677,لفظ677
word678,لفظ678
word679,لفظ679
word680,لفظ680
word681,لفظ681
word682,لفظ682
word683,لفظ683
word684,لفظ684
word685,لفظ685
word686,لفظ686
word687,لفظ687
word688,لفظ688
word689,لفظ689
word690,لفظ690
word691,لفظ691
word692,لفظ692
word693,لفظ693
word694,لفظ694
word695,لفظ695
word696,لفظ696
word697,لفظ697
word698,لفظ698
word699,لفظ699
word700,لفظ700
word701,لفظ701
word702,لفظ702
word703,لفظ703
word704,لفظ704
word705,لفظ705
word706,لفظ706
word707,لفظ707
word708,لفظ708
word709,لفظ709
word710,لفظ710
word711,لفظ711
word712,لفظ712
word713,لفظ713
word714,لفظ714
word715,لفظ715
word716,لفظ716
word717,لفظ717
word718,لفظ718
word719,لفظ719
word720,لفظ720
word721,لفظ721
word722,لفظ722
word723,لفظ723
word724,لفظ724
word725,لفظ725
word726,لفظ726
word727,لفظ727
word728,لفظ728
word729,لفظ729
word730,لفظ730
word731,لفظ731
word732,لفظ732
word733,لفظ733
word734,لفظ734
word735,لفظ735
word736,لفظ736
word737,لفظ737
word738,لفظ738
word739,لفظ739
word740,لفظ740
word741,لفظ741
word742,لفظ742
word743,لفظ743
word744,لفظ744
word745,لفظ745
word746,لفظ746
word747,لفظ747
word748,لفظ748
word749,لفظ749
word750,لفظ750
word751,لفظ751
word752,لفظ752
word753,لفظ753
word754,لفظ754
word755,لفظ755
word756,لفظ756
word757,لفظ757
word758,لفظ758
word759,لفظ759
word760,لفظ760
word761,لفظ761
word762,لفظ762
word763,لفظ763
word764,لفظ764
word765,لفظ765
word766,لفظ766
word767,لفظ767
word768,لفظ768
word769,لفظ769
word770,لفظ770
word771,لفظ771
word772,لفظ772
word773,لفظ773
word774,لفظ774
word775,لفظ775
word776,لفظ776
word777,لفظ777
word778,لفظ778
word779,لفظ779
word780,لفظ780
word781,لفظ781
word782,لفظ782
word783,لفظ783
word784,لفظ784
word785,لفظ785
word786,لفظ786
word787,لفظ787
word788,لفظ788
word789,لفظ789
word790,لفظ790
word791,لفظ791
word792,لفظ792
word793,لفظ793
word794,لفظ794
word795,لفظ795
word796,لفظ796
word797,لفظ797
word798,لفظ798
word799,لفظ799
word800,لفظ800
word801,لفظ801
word802,لفظ802
word803,لفظ803
word804,لفظ804
word805,لفظ805
word806,لفظ806
word807,لفظ807
word808,لفظ808
word809,لفظ809
word810,لفظ810
word811,لفظ811
word812,لفظ812
word813,لفظ813
word814,لفظ814
word815,لفظ815
word816,لفظ816
word817,لفظ817
word818,لفظ818
word819,لفظ819
word820,لفظ820
word821,لفظ821
word822,لفظ822
word823,لفظ823
word824,لفظ824
word825,لفظ825
word826,لفظ826
word827,لفظ827
word828,لفظ828
word829,لفظ829
word830,لفظ830
word831,لفظ831
word832,لفظ832
word833,لفظ833
word834,لفظ834
word835,لفظ835
word836,لفظ836
word837,لفظ837
word838,لفظ838
word839,لفظ839
word840,لفظ840
word841,لفظ841
word842,لفظ842
word843,لفظ843
word844,لفظ844
word845,لفظ845
word846,لفظ846
word847,لفظ847
word848,لفظ848
word849,لفظ849
word850,لفظ850
word851,لفظ851
word852,لفظ852
word853,لفظ853
word854,لفظ854
word855,لفظ855
word856,لفظ856
word857,لفظ857
word858,لفظ858
word859,لفظ859
word860,لفظ860
word861,لفظ861
word862,لفظ862
word863,لفظ863
word864,لفظ864
word865,لفظ865
word866,لفظ866
word867,لفظ867
word868,لفظ868
word869,لفظ869
word870,لفظ870
word871,لفظ871
word872,لفظ872
word873,لفظ873
word874,لفظ874
word875,لفظ875
word876,لفظ876
word877,لفظ877
word878,لفظ878
word879,لفظ879
word880,لفظ880
word881,لفظ881
word882,لفظ882
word883,لفظ883
word884,لفظ884
word885,لفظ885
word886,لفظ886
word887,لفظ887
word888,لفظ888
word889,لفظ889
word890,لفظ890
word891,لفظ891
word892,لفظ892
word893,لفظ893
word894,لفظ894
word895,لفظ895
word896,لفظ896
word897,لفظ897
word898,لفظ898
word899,لفظ899
word900,لفظ900
word901,لفظ901
word902,لفظ902
word903,لفظ903
word904,لفظ904
word905,لفظ905
word906,لفظ906
word907,لفظ907
word908,لفظ908
word909,لفظ909
word910,لفظ910
word911,لفظ911
word912,لفظ912
word913,لفظ913
word914,لفظ914
word915,لفظ915
word916,لفظ916
word917,لفظ917
word918,لفظ918
word919,لفظ919
word920,لفظ920
word921,لفظ921
word922,لفظ922
word923,لفظ923
word924,لفظ924
word925,لفظ925
word926,لفظ926
word927,لفظ927
word928,لفظ928
word929,لفظ929
word930,لفظ930
word931,لفظ931
word932,لفظ932
word933,لفظ933
word934,لفظ934
word935,لفظ935
word936,لفظ936
word937,لفظ937
word938,لفظ938
word939,لفظ939
word940,لفظ940
word941,لفظ941
word942,لفظ942
word943,لفظ943
word944,لفظ944
word945,لفظ945
word946,لفظ946
word947,لفظ947
word948,لفظ948
word949,لفظ949
word950,لفظ950
word951,لفظ951
word952,لفظ952
word953,لفظ953
word954,لفظ954
word955,لفظ955
word956,لفظ956
word957,لفظ957
word958,لفظ958
word959,لفظ959
word960,لفظ960
word961,لفظ961
word962,لفظ962
word963,لفظ963
word964,لفظ964
word965,لفظ965
word966,لفظ966
word967,لفظ967
word968,لفظ968
word969,لفظ969
word970,لفظ970
word971,لفظ971
word972,لفظ972
word973,لفظ973
word974,لفظ974
word975,لفظ975
word976,لفظ976
word977,لفظ977
word978,لفظ978
word979,لفظ979
word980,لفظ980
word981,لفظ981
word982,لفظ982
word983,لفظ983
word984,لفظ984
word985,لفظ985
word986,لفظ986
word987,لفظ987
word988,لفظ988
word989,لفظ989
word990,لفظ990
word991,لفظ991
word992,لفظ992
word993,لفظ993
word994,لفظ994
word995,لفظ995
word996,لفظ996
word997,لفظ997
word998,لفظ998
word999,لفظ999
word1000,لفظ1000
